[Header],Value1,Value2,Value3,Value4
FileFormatVersion,2,,,
RunName,mRNA_Test_Buxtehude,,,
InstrumentPlatform,NextSeq1k2k,,,
IndexOrientation,Forward,,,
,,,,
[Reads],,,,
Read1Cycles,76,,,
Read2Cycles,76,,,
Index1Cycles,10,,,
Index2Cycles,10,,,
,,,,
[Sequencing_Settings],,,,
LibraryPrepKits,ILMNStrandedmRNA,,,
,,,,
[BCLConvert_Settings],,,,
SoftwareVersion,03.10.2012,,,
AdapterRead1,CTGTCTCTTATACACATCT,,,
AdapterRead2,CTGTCTCTTATACACATCT,,,
FastqCompressionFormat,gzip,,,
,,,,
[BCLConvert_Data],,,,
Sample_ID,Index,Index2,,
1,GAACTGAGCG,TCGTGGAGCG,,
2,AGGTCAGATA,CTACAAGATA,,
3,CGTCTCATAT,TATAGTAGCT,,
4,ATTCCATAAG,TGCCTGGTGG,,
5,GACGAGATTA,ACATTATCCT,,
6,AACATCGCGC,GTCCACTTGT,,
7,CTAGTGCTCT,TGGAACAGTA,,
8,GATCAAGGCA,CCTTGTTAAT,,
9,GACTGAGTAG,GTTGATAGTG,,
10,AGTCAGACGA,ACCAGCGACA,,
11,CCGTATGTTC,CATACACTGT,,
12,GAGTCATAGG,GTGTGGCGCT,,
13,CTTGCCATTA,ATCACGAAGG,,
14,GAAGCGGCAC,CGGCTCTACT,,
15,TCCATTGCCG,GAATGCACGA,,
UHR,CGGTTACGGC,AAGACTATAG,,
,,,,
[DragenRna_Settings],,,,
SoftwareVersion,03.10.2012,,,
ReferenceGenomeDir,hg38_alt_aware,,,
MapAlignOutFormat,bam,,,
KeepFastq,true,,,
DifferentialExpressionEnable,true,,,
,,,,
[DragenRna_Data],,,,
Sample_ID,Comparison1,Comparison2,,
1,control,control,,
2,comparison,na,,
3,control,control,,
4,comparison,na,,
5,control,control,,
6,comparison,na,,
7,control,control,,
8,comparison,na,,
9,control,control,,
10,comparison,na,,
11,na,comparison,,
12,na,comparison,,
13,na,comparison,,
14,na,comparison,,
15,na,comparison,,
UHR,na,na,,
,,,,
[Cloud_Settings],,,,
GeneratedVersion,1.12.0.202401022340,,,
,,,,
[Cloud_Data],,,,
Sample_ID,ProjectName,LibraryName,LibraryPrepKitName,IndexAdapterKitName
1,,1_GAACTGAGCG_TCGTGGAGCG,ILMNStrandedmRNA,IDTIlmnNRNAUDISetALigation
2,,2_AGGTCAGATA_CTACAAGATA,ILMNStrandedmRNA,IDTIlmnNRNAUDISetALigation
3,,3_CGTCTCATAT_TATAGTAGCT,ILMNStrandedmRNA,IDTIlmnNRNAUDISetALigation
4,,4_ATTCCATAAG_TGCCTGGTGG,ILMNStrandedmRNA,IDTIlmnNRNAUDISetALigation
5,,5_GACGAGATTA_ACATTATCCT,ILMNStrandedmRNA,IDTIlmnNRNAUDISetALigation
6,,6_AACATCGCGC_GTCCACTTGT,ILMNStrandedmRNA,IDTIlmnNRNAUDISetALigation
7,,7_CTAGTGCTCT_TGGAACAGTA,ILMNStrandedmRNA,IDTIlmnNRNAUDISetALigation
8,,8_GATCAAGGCA_CCTTGTTAAT,ILMNStrandedmRNA,IDTIlmnNRNAUDISetALigation
9,,9_GACTGAGTAG_GTTGATAGTG,ILMNStrandedmRNA,IDTIlmnNRNAUDISetALigation
10,,10_AGTCAGACGA_ACCAGCGACA,ILMNStrandedmRNA,IDTIlmnNRNAUDISetALigation
11,,11_CCGTATGTTC_CATACACTGT,ILMNStrandedmRNA,IDTIlmnNRNAUDISetALigation
12,,12_GAGTCATAGG_GTGTGGCGCT,ILMNStrandedmRNA,IDTIlmnNRNAUDISetALigation
13,,13_CTTGCCATTA_ATCACGAAGG,ILMNStrandedmRNA,IDTIlmnNRNAUDISetALigation
14,,14_GAAGCGGCAC_CGGCTCTACT,ILMNStrandedmRNA,IDTIlmnNRNAUDISetALigation
15,,15_TCCATTGCCG_GAATGCACGA,ILMNStrandedmRNA,IDTIlmnNRNAUDISetALigation
UHR,,UHR_CGGTTACGGC_AAGACTATAG,ILMNStrandedmRNA,IDTIlmnNRNAUDISetALigation
